0, 182763, 52122, 5007, 10425, 6174, 1873, 1338, 80388, 29
0, 763711, 28797, 3920, 7930, 4765, 4118, 421, 70087, 21
0, 468057, 11846, 1896, 22865, 5458, 2727, 683, 95312, 16
0, 1139762, 58102, 6194, 6800, 2774, 3098, 821, 82440, 16
0, 136575, 18810, 8084, 9655, 3982, 2175, 331, 86524, 26
0, 854221, 169171, 2172, 6997, 3187, 8163, 545, 87276, 16
0, 180869, 20814, 2791, 10763, 1441, 4691, 1847, 101693, 23
0, 611695, 315517, 55854, 95333, 23424, 8846, 2728, 369866, 13
0, 566841, 275103, 49564, 16686, 29021, 8710, 5620, 357961, 3
0, 1108119, 441757, 307780, 75186, 60677, 38969, 12770, 1290675, 3
0, 1304944, 72397, 29578, 26561, 22618, 11211, 1478, 359572, 1
0, 1166895, 197517, 42182, 93699, 16775, 22882, 2867, 426634, 11
0, 18111, 5384, 380, 3750, 896, 870, 283, 21993, 24
0, 102767, 46047, 549, 4751, 4914, 2896, 4014, 106401, 26
0, 1120332, 106099, 30024, 14128, 16030, 12797, 6063, 392542, 26
0, 13104, 20393, 5011, 1267, 5711, 1975, 1087, 85860, 27
0, 355935, 75024, 7109, 27924, 52555, 7508, 4614, 370425, 24
0, 808342, 53354, 4471, 3439, 2170, 13549, 6629, 358484, 41
0, 178415, 27204, 24783, 13857, 15197, 8055, 5264, 368531, 51
0, 23484, 12215, 10011, 13091, 4485, 9369, 3375, 364990, 67
0, 166861, 65376, 13087, 25490, 47510, 4405, 4335, 301586, 48
0, 21127, 22324, 24750, 7540, 9062, 9071, 3461, 328596, 51
0, 38018, 3856, 8752, 2097, 2876, 2191, 910, 93307, 54
0, 10200, 19100, 4388, 7078, 7286, 15849, 3305, 334522, 61
0, 21622, 4082, 11946, 8748, 8984, 4787, 4678, 374990, 80
0, 9814, 8460, 13503, 1584, 15104, 8742, 11893, 276675, 90
0, 71260, 135527, 20381, 18122, 23950, 7342, 7579, 366642, 75
0, 221086, 86562, 38012, 33553, 7766, 7540, 4384, 292823, 48
0, 311297, 22117, 12838, 30908, 30286, 10125, 8784, 367915, 43
0, 54486, 16566, 2191, 3000, 5930, 2552, 1583, 86614, 29
0, 47955, 16276, 14641, 13164, 5468, 6540, 8095, 340645, 43
0, 1151314, 13952, 34978, 13168, 5405, 9069, 5467, 101652, 54
0, 1839051, 151718, 33285, 104329, 17890, 19911, 4377, 288131, 48
0, 120865, 66049, 7940, 13052, 6416, 9246, 2544, 98631, 48
0, 977082, 218292, 108343, 56445, 16626, 22877, 4786, 615338, 38
0, 1262305, 1628352, 82819, 73657, 32953, 98247, 13059, 2161770, 26
0, 1061583, 232940, 54187, 28495, 50990, 20618, 7728, 546671, 26
0, 722650, 83727, 112689, 57145, 25716, 17326, 3864, 506940, 20
0, 240771, 30937, 13680, 2547, 5990, 4951, 849, 133960, 26
0, 943726, 201551, 26145, 43833, 10683, 34549, 3403, 553791, 37
0, 858377, 66218, 100931, 22258, 4825, 29773, 1946, 547521, 53
0, 360940, 57098, 6484, 10243, 4120, 7217, 1698, 123514, 53
0, 129917, 20128, 17561, 6346, 1993, 8547, 485, 139203, 57
0, 339848, 245910, 22967, 22887, 7640, 32828, 4114, 519349, 57
0, 194818, 255807, 24591, 15725, 10811, 24008, 2860, 564487, 50
0, 1347465, 114383, 20828, 7938, 11512, 18698, 3093, 522683, 53
0, 38307, 161957, 156655, 11946, 11363, 20082, 5501, 545965, 38
0, 483559, 367206, 32690, 29611, 20310, 15090, 5699, 501483, 23
0, 2740389, 117310, 95010, 33246, 17709, 13785, 2335, 488911, 20
0, 229260, 52007, 13626, 9975, 5748, 8603, 1069, 121787, 17
0, 979650, 115629, 70378, 33541, 20357, 13601, 2984, 363448, 20
0, 449818, 117914, 29221, 22284, 16851, 8342, 4217, 294802, 24
0, 1822719, 107325, 116666, 96830, 33906, 37097, 18872, 571924, 34
0, 102456, 31463, 17626, 13415, 4886, 6029, 788, 111851, 29
0, 622342, 377884, 90206, 94115, 15835, 48877, 4097, 356612, 34
0, 711149, 28367, 8599, 3062, 21957, 6270, 1657, 69281, 47
0, 724757, 98969, 23170, 18474, 10701, 5583, 971, 88406, 34
0, 1146195, 185982, 116245, 18695, 14807, 11872, 1616, 501862, 23
0, 256377, 43657, 23286, 7192, 2107, 5470, 825, 136739, 21
0, 649741, 106269, 46667, 31900, 51028, 46027, 1367, 496464, 26
0, 2149353, 124555, 9109, 47772, 12164, 10518, 2255, 160992, 29
51, 1174408, 18751, 18930, 26483, 11353, 12934, 1693, 8271, 29
0, 543558, 132203, 11114, 6421, 14077, 50369, 3613, 541026, 54
0, 765624, 64081, 48593, 27402, 9679, 77306, 8536, 710149, 78
0, 1220909, 76124, 10112, 42030, 16532, 56916, 3851, 644282, 84
25, 654853, 55426, 27950, 5748, 6415, 8654, 2526, 29870, 84
51, 813044, 96266, 10914, 15228, 9885, 5871, 671, 1657, 84
51, 2227333, 93514, 4823, 19693, 13489, 38545, 4737, 39400, 84
0, 43423, 58516, 21679, 18360, 4386, 4018, 690, 33314, 81
26, 612581, 65086, 5047, 16498, 21057, 12316, 3766, 245803, 81
0, 361616, 737457, 85725, 47151, 19782, 48288, 2753, 982139, 60
0, 1010813, 119274, 18167, 24750, 26697, 19812, 2988, 241815, 43
0, 349396, 63825, 30125, 16240, 3204, 16872, 1767, 178147, 34
0, 2170179, 40417, 12376, 28561, 17108, 9362, 1214, 186525, 44
0, 433930, 240637, 134360, 11730, 9012, 123870, 2481, 757174, 66
0, 577828, 84515, 41915, 16293, 10766, 118210, 4283, 830711, 87
0, 420734, 291489, 126155, 56404, 27955, 25277, 4655, 752607, 74
0, 1951867, 69998, 128314, 34309, 12899, 104196, 5867, 672448, 87
0, 193961, 67681, 43006, 15627, 15469, 12712, 4394, 149658, 69
0, 149031, 127132, 14988, 22684, 3348, 8365, 1022, 162370, 40
26, 247229, 107623, 30379, 61271, 157832, 74454, 27747, 107481, 40
0, 1120187, 124179, 43756, 46963, 9061, 15018, 7519, 157661, 35
0, 100327, 233471, 57742, 7750, 21405, 39940, 4322, 588202, 38
0, 146320, 151366, 23444, 8597, 2977, 7710, 970, 137864, 35
0, 1249226, 132645, 134446, 17299, 78892, 19158, 3854, 570619, 24
0, 1648367, 365817, 292024, 61291, 96055, 138840, 26200, 2443764, 37
0, 535100, 43937, 52791, 10103, 18184, 35110, 3746, 551802, 47
0, 388759, 18006, 12233, 5201, 7973, 6095, 921, 145998, 61
0, 1885528, 332006, 10700, 104948, 29111, 23534, 3072, 600007, 50
0, 141071, 93470, 2636, 16926, 3848, 5354, 1169, 151789, 29
0, 1339256, 270523, 97836, 48909, 24253, 57681, 2760, 612068, 27
0, 49403, 91772, 16130, 5938, 5188, 10649, 1102, 142878, 27
0, 925848, 146933, 20670, 9354, 7017, 19156, 3602, 181309, 37
0, 307569, 87112, 13275, 20523, 5474, 1947, 671, 29272, 26
0, 1702560, 137522, 92044, 27596, 20349, 37922, 5775, 535815, 26
0, 1041420, 609184, 178687, 219378, 35674, 265012, 14841, 2174346, 61
0, 711200, 34930, 10013, 3474, 5402, 8674, 569, 139179, 64
0, 1288939, 215086, 84330, 38864, 19905, 28959, 4770, 569891, 54
0, 187617, 71702, 62360, 5553, 5191, 3984, 590, 135106, 27
0, 477314, 419046, 81918, 27773, 4158, 14759, 4976, 565282, 7
0, 142165, 20040, 1923, 477, 979, 10060, 1145, 123239, 24
0, 435499, 101947, 25560, 26149, 12305, 68506, 2986, 586620, 48
0, 1290308, 250666, 63130, 22297, 14399, 17782, 3309, 518214, 54
0, 172417, 28874, 14511, 9922, 2252, 7074, 978, 133136, 70
0, 1093656, 103185, 12863, 97489, 6668, 48855, 6399, 598211, 63
0, 706390, 350875, 179504, 14680, 12580, 36965, 3815, 502725, 41
0, 159362, 91904, 25889, 1399, 2797, 6451, 1073, 132875, 37
0, 907601, 153943, 71948, 15420, 16362, 15554, 2390, 546500, 37
0, 686629, 263753, 145714, 29946, 5576, 36094, 3306, 538810, 37
0, 160486, 38857, 11042, 9133, 7303, 9103, 839, 145092, 34
0, 521931, 1132866, 84659, 72881, 17846, 115659, 13380, 1952201, 40
0, 757963, 260505, 94214, 41811, 14938, 13717, 2864, 499886, 30
0, 1603246, 68863, 48667, 16834, 5683, 8344, 4577, 430397, 29
0, 1189785, 63904, 59369, 23795, 10010, 11210, 3985, 399835, 21
0, 2430553, 835651, 298419, 68378, 98717, 73581, 10449, 1463776, 16
0, 1193167, 67680, 13519, 17639, 1437, 2045, 652, 97088, 10
0, 881547, 81433, 38302, 25363, 5273, 10604, 3105, 408413, 11
0, 1787235, 150910, 79326, 9843, 38542, 16263, 2733, 380784, 11
0, 97815, 31793, 11634, 2838, 6188, 5374, 953, 98163, 20
0, 360014, 256443, 88353, 59762, 17393, 16135, 5588, 479283, 26
0, 456898, 172287, 100606, 14613, 9665, 15027, 4222, 491522, 23
0, 458601, 31820, 16465, 5404, 3797, 6001, 381, 113991, 27
0, 2454521, 129195, 66150, 95167, 23323, 28171, 3123, 456915, 24
0, 674704, 60977, 100417, 13810, 11501, 17811, 2400, 437164, 37
0, 796964, 448362, 60005, 34901, 20295, 30897, 5254, 466825, 37
0, 891604, 59155, 41839, 6962, 40861, 22414, 2782, 482104, 43
0, 142708, 112183, 15618, 2477, 2514, 5411, 1085, 113982, 34
0, 360324, 22608, 25709, 11663, 15321, 1919, 411, 116358, 20
0, 1213663, 253357, 53719, 50630, 33659, 21807, 1972, 491717, 21
0, 336936, 5148, 3175, 5733, 3294, 5856, 770, 106835, 29
0, 129917, 43497, 11333, 4409, 5509, 6785, 1096, 121193, 41
0, 1665360, 75343, 83391, 48034, 23291, 22333, 3612, 463438, 50
0, 735838, 78909, 27235, 7096, 2382, 3658, 473, 113221, 23
0, 1334200, 864232, 170827, 168381, 142611, 79066, 14973, 1768850, 16
0, 665261, 300549, 33356, 25507, 4804, 13441, 3506, 389205, 11
0, 821041, 47201, 3416, 2695, 3144, 2746, 965, 68673, 14
0, 499100, 32126, 231, 6656, 9487, 3690, 1015, 86338, 20
0, 894813, 99937, 68307, 19023, 14286, 12292, 1440, 307736, 20
0, 817528, 19651, 801, 4507, 4244, 2325, 956, 79388, 29
0, 6176, 16913, 2702, 1364, 957, 868, 202, 19536, 27
0, 206400, 344776, 24555, 19747, 7789, 6329, 3322, 328828, 8
0, 366705, 14568, 4067, 6495, 1790, 4715, 362, 86302, 20
0, 210378, 42021, 15380, 5040, 5536, 2304, 906, 83709, 10
0, 205650, 206157, 11639, 21742, 13317, 4266, 3485, 307938, 1
0, 1091510, 163435, 32546, 51115, 6844, 8578, 2238, 329309, 8
0, 1000104, 433526, 71541, 126182, 105598, 26656, 22220, 1260007, 1
0, 1170951, 523017, 291379, 171739, 83109, 29481, 7826, 1293566, 1
0, 395376, 227960, 37680, 35513, 19288, 5464, 2270, 386187, 1
0, 1479743, 95016, 54628, 20690, 18466, 13759, 3061, 445720, 1
0, 222644, 50686, 4307, 17613, 4106, 4718, 807, 95106, 3
0, 724671, 82753, 34966, 32086, 17599, 9186, 1567, 302992, 10
0, 44027, 34958, 12445, 12852, 3650, 1457, 569, 78487, 14
0, 2881718, 58232, 59235, 33855, 19786, 16105, 2374, 351274, 16
0, 2311767, 1148987, 91312, 139667, 79509, 35685, 5674, 1265143, 7
0, 167815, 62118, 6508, 2669, 10457, 1728, 996, 77739, 1
0, 1862044, 199749, 55218, 14460, 20788, 6423, 3736, 312881, 1
0, 695988, 107489, 21519, 37372, 9537, 7627, 2683, 368731, 1
0, 626817, 5978, 14109, 4229, 8977, 1710, 2050, 81493, 1
0, 258134, 40756, 2907, 4973, 2695, 2107, 399, 80283, 7
0, 672291, 211907, 54564, 21689, 8831, 15911, 3824, 394152, 16
0, 1869020, 94529, 120582, 32138, 33178, 30064, 2753, 520997, 26
0, 993308, 1625786, 189857, 73624, 35359, 65881, 13245, 1960881, 20
0, 530817, 336166, 152822, 18908, 24885, 13813, 4751, 461262, 13
0, 1128053, 143979, 71528, 59346, 15425, 23933, 2363, 484085, 16
0, 698253, 104776, 47858, 44463, 11072, 24697, 939, 514131, 16
0, 1826446, 202861, 99137, 83867, 18377, 18087, 3345, 518629, 20
0, 151556, 7199, 6227, 1486, 865, 1410, 261, 31183, 35
0, 2520553, 96522, 68097, 66261, 28054, 20322, 1636, 529135, 35
0, 1439920, 222511, 92549, 40872, 4620, 26007, 2327, 513436, 27
0, 919882, 287265, 46731, 10100, 25639, 16206, 2215, 492464, 21
0, 764314, 115524, 47873, 28049, 7299, 16059, 3200, 503557, 23
0, 258464, 21464, 23172, 8237, 2904, 6900, 691, 133021, 30
0, 2970353, 333691, 168232, 167214, 19301, 28654, 6735, 525646, 29
0, 144192, 41817, 6105, 5937, 4375, 3678, 559, 124069, 35
0, 1991398, 244986, 223897, 192646, 83368, 59356, 13978, 2010344, 29
0, 92729, 159089, 36974, 15172, 3196, 10342, 1388, 120964, 34
0, 1295649, 361746, 18377, 77102, 17214, 22396, 3891, 531456, 24
0, 1308342, 159925, 34561, 40330, 48106, 39728, 3742, 493216, 35
0, 1228973, 80604, 26002, 46865, 14854, 16715, 1331, 482308, 37
0, 54525, 31795, 20216, 1815, 1069, 7518, 731, 126228, 48
0, 641383, 475169, 45836, 8162, 6781, 36206, 1189, 514037, 51
0, 376227, 39409, 23572, 18332, 4806, 7382, 712, 153284, 44
0, 335223, 314955, 43854, 10667, 9495, 91285, 3103, 798696, 54
0, 751644, 37091, 23028, 5418, 5688, 10537, 297, 165638, 54
0, 503183, 82311, 24720, 5485, 9544, 64722, 2151, 660885, 97
0, 469198, 234415, 89240, 33083, 25644, 37824, 3537, 735611, 90
0, 1241485, 190578, 27437, 58257, 45884, 49300, 2910, 621867, 91
0, 405370, 25880, 30135, 21933, 14295, 27942, 1355, 549233, 90
0, 544514, 279795, 113520, 17436, 15245, 58057, 2220, 604898, 74
0, 453652, 108405, 18029, 13307, 10578, 38165, 2097, 475821, 83
0, 1494029, 284422, 56557, 61037, 10282, 7785, 1246, 475366, 57
0, 171432, 85997, 87166, 42377, 5773, 44910, 3077, 450672, 51
0, 421365, 319270, 45984, 18741, 51578, 20810, 1516, 517789, 40
0, 855897, 505380, 214329, 48772, 41154, 127462, 9384, 1973362, 35
0, 520544, 46285, 7749, 5201, 5609, 4493, 677, 123148, 50
0, 378650, 73302, 28543, 6966, 11561, 27878, 1705, 577003, 53
0, 1624467, 103104, 43600, 33161, 11743, 26547, 1459, 605205, 64
0, 852740, 252639, 13345, 6685, 9522, 45368, 1916, 610131, 63
0, 117174, 20901, 19816, 24878, 2198, 18654, 1057, 147386, 78
0, 199224, 82258, 19184, 1748, 4095, 6214, 1871, 151713, 60
0, 154399, 30811, 23602, 4340, 3444, 19883, 1266, 152264, 67
0, 19506, 32074, 15843, 7601, 2473, 14376, 515, 144655, 67
0, 398079, 362468, 119074, 56697, 20129, 24223, 3831, 551948, 54
0, 959287, 161885, 75182, 37084, 20450, 24164, 3244, 619170, 57
0, 392263, 193860, 129852, 25828, 13674, 27709, 1789, 640842, 41
0, 188294, 32611, 4890, 10824, 2672, 5030, 1264, 153650, 30
0, 834049, 35633, 34616, 35932, 14152, 28096, 3494, 599480, 53
0, 253191, 253738, 81455, 3206, 3036, 67064, 2512, 604883, 64
0, 284492, 133648, 168856, 11940, 10944, 45783, 1994, 577165, 70
0, 401484, 63958, 19655, 27114, 8403, 41905, 3027, 624782, 87
0, 95987, 52394, 61248, 14516, 1575, 15454, 584, 151152, 77
0, 84037, 31063, 43162, 4875, 2957, 15130, 1909, 148184, 77
0, 33535, 67345, 17983, 4439, 3164, 10399, 660, 136520, 74
0, 1102087, 40004, 7404, 7878, 7725, 5751, 656, 125064, 60
0, 710286, 16638, 7223, 6494, 8230, 3460, 778, 146838, 57
0, 263748, 111967, 20958, 8137, 8696, 5206, 782, 144958, 40
0, 467415, 110708, 160513, 9503, 16263, 55199, 3290, 596799, 44
0, 118128, 46293, 22517, 4354, 3799, 7193, 328, 143165, 44
0, 858965, 180282, 36806, 44428, 16871, 24421, 3195, 584164, 41
0, 1432383, 240516, 133159, 39682, 12760, 20904, 3866, 585151, 44
0, 792042, 62793, 65767, 17349, 17370, 65095, 2865, 564971, 54
0, 2793925, 137190, 4427, 42937, 28919, 37623, 2446, 534502, 63
0, 862528, 106928, 119524, 37582, 21043, 30321, 1073, 572977, 64
0, 188572, 31718, 30489, 2328, 2375, 7077, 903, 143284, 74
0, 586729, 87107, 42684, 32220, 6194, 21783, 2688, 584994, 60
0, 88762, 45017, 46662, 5049, 6926, 6800, 1100, 129493, 48
0, 54030, 50695, 37585, 5531, 4679, 7681, 788, 151518, 47
0, 860060, 158308, 42789, 22308, 36702, 46410, 2046, 571773, 53
0, 619755, 247445, 51681, 110284, 12592, 31217, 2321, 586809, 48
0, 1745111, 190045, 14147, 23765, 26106, 23154, 4211, 580957, 51
0, 197038, 46869, 36900, 3090, 6474, 4137, 808, 141899, 44
0, 249267, 39251, 18778, 6681, 3393, 9039, 368, 147656, 40
0, 456782, 53246, 92642, 53836, 10314, 33018, 2988, 554433, 50
0, 147389, 19434, 14022, 10900, 1760, 11664, 605, 144647, 60
0, 571900, 92381, 8819, 19702, 6404, 30421, 2630, 556840, 78
0, 1648544, 1303873, 633138, 71575, 25684, 244341, 14818, 2298514, 77
0, 248056, 204602, 30386, 42171, 32076, 25567, 2874, 578023, 67
0, 178281, 88516, 4151, 2270, 5500, 9275, 1070, 146359, 57
0, 1509314, 144965, 30031, 19978, 8277, 25225, 4176, 533359, 51
0, 399088, 316864, 43579, 23262, 8224, 23213, 2265, 541184, 43
0, 158951, 80398, 81374, 6945, 8563, 52367, 2902, 594760, 57
0, 804314, 355725, 150252, 56823, 9984, 49186, 4309, 524088, 54
0, 552317, 117007, 102736, 25303, 13513, 20621, 1910, 570474, 50
0, 225923, 51963, 26661, 8475, 14906, 22417, 3300, 573622, 66
0, 432981, 247171, 18901, 27950, 18752, 36531, 3116, 568824, 56
0, 76490, 275119, 63222, 3293, 10554, 37478, 2735, 555729, 61
0, 838119, 330838, 87459, 32312, 18442, 17661, 1557, 551758, 41
0, 1035393, 29867, 30213, 10833, 27586, 16395, 3020, 489507, 50
0, 207609, 68438, 20109, 7815, 5151, 15940, 2190, 134474, 54
0, 434629, 457410, 63731, 24939, 10555, 44424, 4320, 626744, 70
0, 61694, 11996, 4532, 535, 1082, 3030, 283, 40637, 66
0, 673148, 287812, 27166, 39150, 13427, 26753, 7081, 587318, 57
0, 246272, 159672, 74113, 23427, 17404, 45914, 2847, 641047, 57
0, 1142203, 184821, 78747, 3215, 36679, 25722, 1050, 610461, 51
0, 919845, 258047, 139009, 76096, 29679, 51540, 4249, 654174, 54
0, 825359, 67774, 107076, 13140, 8559, 37382, 2958, 581764, 61
0, 1402847, 541728, 88660, 50939, 19695, 33892, 2091, 589360, 47
0, 1397138, 143849, 147005, 8460, 8072, 36912, 2237, 530781, 50
0, 412167, 232682, 97247, 41733, 8127, 36217, 3443, 637702, 50
0, 2013926, 323978, 53665, 35092, 8791, 35504, 5053, 612123, 40
0, 823362, 104842, 66810, 29845, 24193, 48695, 3718, 568164, 56
0, 415195, 295905, 58196, 19101, 23491, 63804, 3029, 603981, 60
0, 1491022, 203153, 77214, 28206, 7507, 75279, 2178, 634912, 70
0, 287490, 54823, 42501, 53056, 11396, 31521, 4100, 580914, 81
0, 358786, 152876, 4394, 18314, 11254, 52095, 5011, 594636, 84
0, 3051542, 89175, 108997, 23149, 20354, 12213, 2830, 605347, 69
0, 174287, 53106, 1986, 13399, 7188, 12022, 557, 153240, 64
0, 758386, 18243, 34752, 3657, 3855, 5502, 407, 144279, 56
0, 90499, 46436, 16716, 4728, 1601, 11685, 914, 151491, 48
0, 1273955, 194732, 83840, 18457, 10387, 44129, 4415, 611648, 60
0, 1614563, 429113, 40134, 7639, 49677, 29200, 3204, 615726, 50
0, 897461, 135327, 136326, 22180, 17028, 26488, 2104, 597190, 48
0, 315420, 989964, 1075328, 94893, 51930, 303982, 23787, 2487558, 47
0, 1014197, 132970, 73953, 32511, 20650, 31251, 2529, 626626, 47
0, 476640, 186352, 72426, 22147, 9191, 24998, 6475, 598665, 51
0, 279202, 59871, 58328, 15104, 16355, 26790, 1475, 574647, 60
0, 121942, 39122, 38981, 2378, 5725, 11859, 1417, 136803, 57
0, 1349158, 44831, 104495, 44399, 22500, 6562, 2302, 252586, 47
0, 348729, 71789, 9496, 1615, 2499, 8283, 2557, 149227, 40
0, 1287452, 134830, 6937, 11699, 4372, 6950, 776, 152959, 29
0, 164300, 87217, 30401, 7211, 5303, 10353, 830, 143227, 23
0, 276264, 206987, 138553, 17079, 16225, 46373, 2727, 612555, 24
0, 156076, 179134, 105446, 36890, 21738, 68885, 2447, 599711, 44
0, 91380, 92891, 34091, 5753, 1366, 9023, 649, 151855, 47
0, 219467, 11577, 28488, 4720, 1566, 3570, 1075, 145699, 41
0, 132666, 9771, 6985, 3290, 1275, 6275, 620, 141156, 47
0, 335092, 293022, 22561, 14472, 11765, 34115, 3301, 558418, 51
0, 3165924, 121393, 134141, 47470, 20872, 20527, 1494, 551263, 53
0, 265776, 93337, 27337, 30696, 13109, 20757, 6182, 605933, 60
0, 623771, 137755, 37651, 9829, 15495, 51554, 3236, 666925, 57
0, 349648, 80875, 21621, 12099, 9509, 2297, 9530, 120174, 38
0, 817538, 352207, 25961, 55340, 5365, 22252, 10670, 241559, 11
0, 904479, 60393, 108699, 29149, 10799, 10367, 5489, 129729, 1
0, 1891048, 141340, 15157, 10015, 39782, 21766, 27414, 107821, 16
0, 34938, 30392, 9074, 1564, 5883, 3830, 9428, 77471, 35
0, 958065, 45025, 10257, 8997, 1619, 4695, 4699, 109597, 40
0, 107569, 104650, 33223, 11205, 11772, 12256, 4856, 446889, 44
0, 1294511, 330239, 83915, 56553, 62719, 15525, 7398, 333564, 29
0, 626989, 139280, 61095, 17587, 5736, 9635, 3700, 306282, 21
0, 357184, 21999, 17828, 24345, 1261, 6550, 1294, 160295, 24
0, 1480380, 193313, 39673, 36816, 18007, 41933, 7199, 536357, 34
0, 996104, 63315, 23703, 5425, 9586, 3089, 2893, 134316, 34
0, 1041549, 439001, 10458, 42003, 14793, 28800, 1438, 542010, 37
0, 30600, 6612, 3863, 1811, 998, 977, 182, 28283, 35
0, 207449, 34762, 13722, 7391, 5376, 5053, 1266, 128252, 29
0, 1200639, 93366, 69291, 17427, 15966, 40393, 3983, 510008, 51
0, 1840248, 503574, 5855, 55490, 19571, 28890, 3672, 488089, 50
0, 112538, 18006, 16339, 4754, 4904, 4133, 597, 126597, 51
0, 350842, 45498, 25298, 6354, 2881, 7545, 632, 134669, 51
0, 1313386, 147805, 28877, 24307, 11506, 25493, 2264, 545012, 61
0, 885771, 212265, 98293, 40807, 10039, 23371, 8613, 520747, 56
0, 1861441, 46454, 30396, 61866, 9641, 33072, 4420, 454657, 57
0, 574658, 23644, 3508, 4217, 6365, 5987, 880, 113490, 64
0, 476024, 254337, 143399, 19582, 22449, 47098, 4802, 517180, 66
0, 2264118, 372445, 35426, 21044, 70762, 25783, 5529, 245878, 50
0, 2174012, 131872, 38269, 19060, 14466, 12800, 1257, 38791, 38
0, 908910, 188857, 73282, 27391, 11755, 51442, 4227, 578286, 47
0, 604089, 102272, 79530, 59431, 14264, 19137, 4387, 556488, 43
0, 616161, 55092, 44952, 108188, 19296, 21744, 2658, 496669, 50
0, 96804, 40563, 8604, 4716, 4757, 8356, 1579, 128731, 60
0, 495850, 84100, 28209, 5613, 18361, 3216, 607, 136767, 34
0, 1208826, 638136, 106329, 46604, 49912, 57916, 5094, 522887, 30
0, 807513, 370327, 32042, 32369, 15815, 24735, 4647, 507876, 53
0, 1539221, 295040, 3412, 69388, 29993, 32222, 5578, 532639, 44
0, 1575243, 483136, 171717, 15398, 21029, 38514, 10525, 539513, 41
0, 186092, 267321, 375588, 8460, 16091, 100583, 11166, 697795, 56
0, 3028754, 161751, 224253, 47004, 75310, 44167, 6072, 699725, 63
0, 388643, 47295, 31290, 7074, 4411, 14053, 1514, 162320, 66
0, 849949, 236426, 27075, 36686, 15561, 57268, 4405, 667901, 67
0, 350076, 201287, 65152, 11555, 12890, 71588, 5324, 661623, 74
0, 190847, 41194, 17815, 4824, 5980, 31672, 1124, 182082, 91
0, 492319, 401367, 107355, 50634, 15280, 75174, 3361, 770619, 90
0, 197895, 153290, 167062, 20749, 4235, 45840, 6151, 718038, 90
0, 557113, 70565, 33785, 3091, 1713, 11739, 1645, 174045, 70
0, 428118, 250165, 124752, 11634, 4420, 40779, 3408, 565654, 67
0, 222599, 46351, 43247, 14357, 1024, 9273, 1100, 181895, 54
0, 1202137, 283244, 67026, 10066, 12199, 65838, 7217, 621712, 60
0, 406701, 75410, 23795, 21956, 11750, 36667, 12724, 603056, 70
0, 921554, 494762, 100283, 24041, 11933, 57902, 11502, 679224, 69
0, 1113876, 219645, 102445, 54740, 14692, 33059, 9486, 663638, 69
0, 634687, 809855, 130467, 31467, 20862, 62565, 11932, 749919, 57
0, 1052606, 133494, 14144, 80181, 24072, 54409, 9612, 876807, 56
0, 1011970, 72315, 15603, 11565, 10156, 34046, 2822, 141210, 69
0, 1293477, 453537, 88669, 29543, 9782, 43890, 7775, 640373, 66
0, 628221, 199315, 74867, 30290, 6987, 65123, 11693, 705519, 80
0, 497571, 250070, 38509, 23067, 14041, 49714, 9703, 605126, 75
0, 107915, 52876, 45016, 8014, 7450, 19074, 2221, 155228, 67
0, 102926, 26648, 22840, 2734, 3052, 10183, 2062, 164365, 80
0, 632572, 416970, 197818, 127881, 5708, 103339, 12701, 715217, 75
0, 359138, 20517, 29626, 8936, 4645, 9730, 1998, 161396, 75
0, 924908, 517402, 168223, 24162, 16560, 91590, 6311, 661033, 69
0, 242869, 629664, 124760, 38991, 2735, 90244, 15628, 820005, 64
0, 441062, 246314, 98924, 9163, 21705, 109091, 2212, 700862, 75
0, 836573, 525895, 50535, 7137, 13193, 77585, 21039, 738296, 70
0, 499395, 646342, 61861, 21246, 23093, 55097, 9287, 623574, 63
0, 1203138, 307052, 60824, 67991, 25206, 59437, 3877, 742608, 53
0, 129145, 7542, 2374, 1361, 348, 5455, 735, 48222, 64
0, 178089, 408171, 136048, 15610, 13889, 114172, 11517, 707308, 70
0, 319722, 149348, 28690, 5668, 7777, 20327, 1742, 166493, 75
0, 603811, 358902, 55671, 96922, 30767, 64541, 23607, 716093, 75
0, 1161526, 267837, 48519, 7493, 24797, 44942, 15787, 779058, 60
0, 732853, 323987, 42131, 24079, 24314, 39344, 12040, 523228, 53
0, 842748, 99827, 161709, 48832, 34192, 94314, 12050, 626149, 64
0, 185168, 30283, 38180, 7888, 5121, 22403, 2677, 192216, 75
0, 461230, 10269, 19821, 9991, 2261, 10170, 2860, 159145, 81
0, 688563, 31027, 19760, 7329, 7134, 15139, 987, 142290, 91
0, 1317316, 445728, 45033, 34170, 22129, 74810, 9890, 678823, 81
0, 688393, 230923, 280826, 15301, 7837, 102602, 8163, 677012, 77
0, 646612, 376826, 159439, 49382, 42599, 41780, 10580, 664488, 63
0, 434390, 77066, 39019, 32253, 11075, 51967, 8488, 683165, 66
0, 563194, 177408, 86522, 20792, 15286, 45436, 6583, 644710, 67
0, 397162, 182759, 167121, 58979, 11164, 57062, 7894, 694996, 77
0, 530020, 579722, 94200, 17520, 6270, 43929, 13413, 623840, 56
0, 575030, 143503, 73124, 12815, 20135, 64111, 6769, 689297, 63
0, 205402, 119361, 4517, 16884, 10472, 10736, 1286, 179829, 53
0, 359506, 91672, 41456, 8257, 2019, 17143, 1324, 161427, 51
0, 140710, 276778, 95585, 29069, 19505, 44478, 8405, 675153, 57
0, 1529280, 282544, 80576, 21359, 7697, 54853, 9070, 714506, 50
0, 471280, 167379, 226982, 5893, 20116, 73121, 3479, 655982, 60
0, 517557, 235789, 124329, 26291, 15583, 76017, 11759, 725842, 75
0, 148299, 255333, 122140, 8776, 7260, 73658, 10150, 710826, 78
0, 453057, 135897, 92516, 14817, 12249, 65246, 6857, 650015, 83
0, 888169, 320877, 117755, 48020, 11448, 36093, 3876, 737872, 60
0, 485449, 131259, 266856, 6910, 8100, 63574, 7025, 759731, 56
0, 982453, 457331, 122253, 19389, 12577, 101698, 6391, 896628, 51
0, 233901, 105153, 3235, 11542, 3149, 10729, 2448, 208012, 51
0, 26026, 77755, 33926, 4082, 9976, 17555, 3550, 145218, 60
0, 1001091, 185137, 69531, 68702, 27470, 42551, 17654, 646265, 57
0, 421061, 297277, 165845, 39731, 14011, 100607, 4790, 650159, 60
0, 410477, 642216, 62584, 14049, 19638, 28202, 6946, 679994, 51
0, 622289, 610217, 273036, 50705, 19375, 32653, 5150, 539287, 35
0, 364478, 462181, 99729, 27445, 38531, 58638, 3242, 592597, 30
0, 553037, 49611, 19505, 4727, 4643, 13579, 1222, 160271, 30
0, 437562, 393385, 85604, 14355, 25427, 46310, 8805, 621028, 40
0, 1028036, 708744, 55060, 8076, 6248, 64852, 19619, 715008, 51
0, 393170, 108842, 181934, 46755, 11910, 70287, 10445, 728885, 57
0, 928221, 414044, 85197, 32536, 25687, 78437, 4195, 795373, 56
0, 572623, 419830, 45583, 40320, 10613, 108091, 14776, 783755, 66
0, 501931, 222230, 400848, 43465, 16902, 65561, 10692, 794222, 67
0, 488663, 443993, 234817, 2351, 6531, 96787, 5173, 731171, 60
0, 611634, 161452, 27274, 44706, 7449, 92992, 5606, 790106, 66
0, 116597, 159340, 16784, 15246, 7347, 8775, 1899, 193510, 57
0, 439149, 96647, 174576, 14664, 8796, 105987, 6844, 826686, 70
0, 245294, 561397, 399290, 20911, 11811, 50159, 5418, 718435, 60
0, 113664, 62120, 26771, 3861, 11227, 8741, 2334, 159149, 44
0, 490373, 286337, 74455, 62304, 37862, 44083, 8272, 468369, 53
0, 42638, 43655, 6470, 21936, 3087, 13073, 1542, 143717, 44
0, 564162, 539360, 110769, 25570, 17823, 40842, 7518, 562338, 47
0, 1066539, 235343, 113041, 57575, 18813, 68065, 4643, 712044, 53
0, 533818, 494333, 61410, 19933, 19659, 59937, 4502, 779497, 53
0, 496200, 453984, 76528, 32227, 12626, 61168, 9684, 650553, 48
0, 48739, 52335, 16888, 13351, 4503, 9273, 3138, 152487, 56
0, 475437, 305239, 65479, 50270, 8416, 42962, 19900, 741223, 50
0, 1210877, 652049, 36722, 47609, 17612, 56718, 10964, 646280, 47
0, 442233, 180030, 87717, 34925, 14026, 55541, 8784, 760813, 51
0, 493814, 96972, 74726, 56396, 15915, 49681, 6365, 716750, 60
0, 152460, 104776, 11423, 6679, 9743, 11058, 1674, 150011, 57
0, 1781260, 164495, 240314, 32099, 51703, 58646, 8871, 732484, 64
0, 96153, 95364, 30395, 14616, 1041, 22051, 1098, 167324, 63
0, 2080320, 426614, 436373, 178265, 52434, 366822, 41581, 2547683, 67
0, 472705, 878702, 92882, 101001, 135017, 143510, 80637, 484500, 70
0, 288426, 60517, 56295, 33386, 2380, 16013, 8093, 228590, 67
0, 462707, 288759, 35583, 52849, 5589, 49528, 9328, 695081, 67
0, 1087194, 209779, 304561, 5172, 24393, 117224, 5238, 699351, 63
0, 1227948, 240373, 108069, 4096, 2265, 106135, 8486, 668116, 74
0, 795114, 418161, 53610, 56213, 3573, 41020, 3982, 617542, 69
0, 658592, 37683, 15439, 15413, 8650, 16885, 1407, 185886, 77
0, 619472, 79588, 149924, 16612, 8630, 38679, 4270, 792199, 70
0, 135153, 91024, 65897, 2605, 4523, 31067, 1627, 194739, 67
0, 224377, 58129, 13168, 4596, 3136, 9902, 892, 188474, 75
0, 1261315, 502441, 179286, 28842, 4593, 45511, 1711, 692386, 56
0, 104491, 115169, 5646, 2441, 5921, 14906, 4308, 196912, 50
0, 462745, 181535, 290066, 23717, 25687, 82200, 7077, 695459, 53
0, 178741, 188017, 44520, 36800, 6871, 137371, 2778, 759598, 67
0, 439887, 482208, 34917, 14054, 11384, 78896, 15292, 823155, 77
0, 1201848, 47393, 96953, 88384, 13736, 65335, 5561, 841992, 87
0, 1105971, 84293, 35923, 33495, 12394, 96375, 3053, 695613, 100
0, 315331, 115393, 30084, 20417, 3276, 17695, 1334, 151912, 84
0, 0, 0, 0, 0, 0, 0, 0, 0, 128
0, 810059, 166364, 27099, 67017, 14777, 35159, 4267, 710850, 75
0, 1317608, 462061, 32549, 8516, 22114, 67170, 6862, 766768, 56
0, 91673, 26394, 14052, 2066, 4700, 18361, 536, 149569, 74
0, 773966, 230104, 64233, 54353, 18107, 25783, 3372, 488706, 67
0, 84989, 27546, 18966, 7434, 1557, 13288, 2175, 151024, 80
0, 407579, 164152, 35639, 19837, 20346, 47411, 2840, 596997, 70
0, 331119, 40862, 21085, 5029, 3896, 10757, 1256, 144562, 80
0, 745409, 8699, 1637, 1197, 1510, 1820, 169, 36255, 77
0, 2041932, 222672, 117366, 21341, 22041, 56863, 3358, 636544, 70
0, 766067, 109570, 218981, 12946, 6699, 99260, 4151, 679451, 75
0, 828763, 130908, 170272, 10143, 5676, 68530, 2832, 605066, 80
0, 59607, 67479, 21402, 13168, 3279, 8686, 1256, 135090, 74
0, 59589, 177597, 9437, 15746, 5180, 6538, 1205, 109031, 54
0, 1943069, 405941, 193236, 15635, 17804, 21468, 4656, 432431, 27
0, 1278365, 27590, 8802, 2908, 8388, 2849, 555, 100192, 14
0, 1452521, 139426, 16906, 12885, 12901, 12791, 1748, 424582, 13
0, 365677, 44433, 4615, 4132, 2299, 3994, 354, 98169, 23
0, 856267, 223111, 64738, 51437, 9712, 18684, 2846, 375712, 29
0, 350714, 22929, 3367, 2514, 1258, 1158, 221, 13151, 23
0, 662107, 53002, 6628, 3710, 4075, 3729, 1005, 93610, 20
0, 195532, 24358, 7305, 7399, 6934, 3289, 698, 103730, 20
0, 548989, 525442, 59809, 18063, 21550, 17173, 3425, 370741, 11
0, 1430971, 320460, 18218, 50106, 38469, 12290, 2609, 427370, 8
0, 868800, 387026, 28362, 62715, 19152, 13039, 4332, 414621, 1
0, 1030273, 66192, 8842, 10005, 5089, 4266, 951, 105995, 1
0, 362440, 12410, 5403, 21153, 7706, 4384, 311, 110937, 11
0, 3917334, 412199, 256781, 67380, 95814, 132375, 6193, 1927512, 30
0, 67489, 62416, 19850, 1863, 3642, 9502, 1167, 115274, 50
0, 727549, 182026, 53123, 25434, 11551, 15326, 2570, 413978, 50
0, 233898, 59669, 9374, 4738, 4647, 2970, 362, 102457, 37
0, 330939, 34362, 10573, 11260, 4393, 6526, 715, 111747, 30
0, 1087619, 151636, 69163, 55748, 16908, 26235, 5993, 494817, 27
0, 1331755, 361126, 28190, 24325, 11810, 17912, 4091, 446922, 24
0, 2585149, 123469, 20217, 21284, 31874, 39367, 3132, 436040, 47
0, 117243, 13884, 18935, 9653, 12324, 3349, 438, 84780, 43
0, 1372283, 413186, 60777, 50307, 29907, 11861, 3643, 340634, 26
0, 893303, 53897, 19204, 78806, 34289, 21441, 4914, 391266, 40
0, 385127, 151099, 17967, 22065, 23320, 7508, 5334, 175103, 7
0, 243795, 20104, 20715, 6259, 5785, 12804, 801, 178638, 37
0, 1150618, 318049, 268312, 111273, 46958, 47476, 12330, 704517, 27
0, 39447, 26653, 1364, 3776, 4539, 1486, 326, 32215, 34
0, 561863, 355861, 71000, 39636, 18468, 15093, 16601, 103225, 29
0, 1327697, 254631, 183994, 4621, 13793, 13164, 11145, 129290, 3
0, 1431418, 250817, 128195, 88815, 28205, 43286, 12198, 647368, 7
0, 276388, 319656, 31701, 12624, 5806, 15371, 5365, 98177, 7
0, 1675803, 295708, 130161, 77061, 64749, 35118, 2232, 671741, 35
0, 1070417, 132688, 43144, 125785, 7053, 103694, 18907, 738225, 51
0, 76672, 61559, 28480, 5181, 4121, 16841, 2908, 189867, 67
0, 1138580, 128659, 69730, 39016, 30084, 67310, 6126, 503061, 77
0, 392077, 115945, 31136, 29661, 8056, 8593, 3099, 119993, 74
0, 1558686, 1520140, 252528, 172166, 58362, 99028, 22382, 2006359, 51
0, 1161040, 234401, 23740, 43763, 34784, 16125, 9238, 529483, 37
0, 1201560, 32771, 10599, 30294, 18629, 6465, 1841, 147195, 21
0, 2408452, 1469703, 121409, 38511, 168418, 59290, 25883, 1273702, 16
0, 1045771, 314933, 103549, 21818, 22085, 20932, 8676, 338559, 14
0, 356863, 446725, 53649, 50650, 28442, 32493, 7094, 315541, 10
0, 1603229, 443483, 110157, 62705, 12825, 16583, 4984, 379010, 3
0, 40918, 107938, 61602, 5483, 2544, 7372, 1201, 143283, 4
0, 531699, 120658, 92000, 31437, 11228, 68617, 6357, 696123, 24
0, 440828, 558873, 52037, 53305, 32609, 38723, 4694, 748317, 34
0, 591491, 390558, 124658, 6238, 15606, 60486, 12835, 663310, 44
0, 441736, 44452, 28748, 12880, 6401, 7918, 879, 140042, 53
0, 538313, 218316, 171187, 40811, 22003, 40213, 4354, 587347, 40
0, 615921, 127879, 53231, 15043, 11681, 67101, 2457, 559908, 61
0, 859531, 365702, 45008, 23425, 9578, 13610, 7293, 479807, 57
0, 452294, 104983, 134576, 30252, 12232, 34456, 2793, 510183, 63
0, 1063126, 185036, 142949, 30589, 27227, 23909, 4507, 442436, 41
0, 1029272, 113278, 58586, 24475, 17791, 33056, 2981, 417705, 38
0, 604812, 130691, 41765, 25148, 18842, 54723, 3266, 419229, 64
0, 670986, 184652, 58160, 13651, 8598, 52472, 5493, 450796, 69
0, 1748915, 198132, 97370, 16595, 32847, 14880, 2993, 445746, 64
0, 1159471, 209948, 12865, 22392, 37047, 30314, 4888, 444977, 60
0, 1032960, 169062, 131962, 12798, 13659, 23855, 2617, 495028, 27
0, 689122, 156529, 94033, 29830, 22690, 21804, 3092, 454752, 34
0, 282075, 31810, 26981, 7561, 4150, 12450, 1388, 121988, 38
0, 654389, 12993, 6011, 6265, 3891, 1319, 648, 51782, 20
0, 75039, 71338, 1560, 3871, 6254, 1289, 542, 41890, 17
0, 1548053, 215964, 112626, 91423, 39120, 9451, 25710, 592380, 17
0, 569539, 121529, 70451, 31133, 19550, 11261, 25162, 559853, 26
0, 3418560, 270405, 41765, 15940, 76116, 12713, 11585, 695701, 23
0, 153500, 50162, 19045, 6781, 4497, 1880, 1552, 168759, 26
0, 2319330, 80377, 8001, 9120, 9692, 4106, 1757, 157880, 34
0, 601701, 123820, 5391, 10123, 13106, 3752, 3620, 156915, 27
0, 1959352, 138448, 34898, 9334, 56571, 20827, 10379, 448896, 38
0, 834324, 177266, 61072, 21780, 38112, 9370, 8563, 654770, 41
0, 2071969, 90144, 13603, 5533, 10312, 4503, 6553, 163437, 40
0, 1099934, 288621, 55521, 26491, 83948, 40594, 21017, 302269, 37
0, 2327233, 248628, 18012, 34832, 16353, 30027, 35174, 428564, 44
0, 1044386, 220343, 100028, 96142, 36590, 25551, 18607, 322862, 48
0, 1570566, 430951, 231673, 155403, 35767, 19736, 7889, 887731, 40
0, 1830078, 135835, 100016, 5737, 11324, 5825, 4782, 167189, 26
0, 82370, 72524, 34958, 18006, 10121, 10658, 3245, 692338, 27
0, 694022, 65862, 25889, 19452, 6421, 11301, 3687, 641670, 41
0, 234711, 63411, 7532, 8059, 10710, 16323, 7671, 609663, 61
0, 474004, 194373, 22215, 87201, 5994, 5266, 7397, 643427, 57
0, 783435, 62252, 19897, 8908, 7522, 11387, 6238, 679716, 61
0, 750075, 44175, 6445, 33451, 35010, 15379, 10717, 644674, 67
0, 1112637, 209839, 14706, 10254, 23475, 7204, 7384, 622449, 51
0, 1670979, 554239, 10055, 25187, 17716, 8228, 3412, 609204, 30
0, 501842, 246193, 61268, 18660, 34944, 4126, 3417, 583597, 8
0, 791724, 96339, 9459, 8541, 10852, 12568, 6749, 542146, 24
0, 561097, 157617, 37259, 18865, 15752, 8106, 8367, 512245, 44
0, 473957, 42791, 956, 1151, 10354, 17079, 11093, 466798, 77
0, 1011397, 101296, 18314, 9303, 13394, 4075, 7664, 487677, 63
0, 1895, 16652, 5029, 20622, 7103, 5326, 6467, 481652, 53
0, 19463, 21836, 19923, 14531, 4435, 7052, 5412, 476309, 41
0, 740124, 154909, 10838, 10572, 26742, 5030, 8667, 448189, 41
0, 78156, 15205, 526, 4995, 2093, 2488, 1889, 119817, 63
0, 202863, 30548, 31760, 4856, 7281, 12397, 7940, 425260, 66
0, 4374, 10779, 1986, 13929, 5360, 5629, 2694, 451946, 69
0, 107635, 9292, 4032, 9610, 2118, 2931, 992, 111016, 83
0, 12437, 7089, 5873, 14187, 12014, 10625, 5203, 426942, 94
0, 39798, 75861, 3995, 15323, 5090, 9132, 9617, 411069, 87
0, 18059, 4575, 6597, 6981, 11789, 12641, 5153, 460287, 100
0, 11591, 11990, 8180, 19867, 12291, 7852, 4979, 448241, 93
0, 40616, 11584, 3096, 4668, 12790, 9193, 5214, 410454, 100
0, 17561, 15421, 1247, 11448, 11154, 3487, 6672, 395017, 100
0, 48468, 12188, 1379, 9518, 5317, 7546, 3204, 360992, 97
0, 438646, 35474, 3180, 1585, 5374, 2788, 1818, 88126, 88
0, 118572, 45022, 18891, 6823, 4093, 3608, 5163, 368988, 67
0, 23730, 30269, 22874, 11383, 16154, 28764, 5682, 378554, 80
0, 117816, 7078, 2261, 1187, 859, 835, 167, 21323, 67
0, 141518, 27444, 40572, 5195, 4580, 10178, 5009, 395126, 74
0, 11944, 27769, 14429, 10048, 10190, 9033, 3060, 388206, 84
0, 129631, 33650, 3731, 2956, 3942, 3122, 1355, 81107, 69
0, 26050, 18816, 4098, 10008, 5762, 3569, 10994, 376598, 70
0, 26553, 26171, 27229, 7905, 6801, 7755, 3326, 360382, 70
0, 81649, 8403, 2474, 3458, 2960, 2153, 2345, 95339, 69
0, 463588, 56102, 8526, 8421, 11664, 9260, 8378, 385398, 75
0, 18049, 20205, 3812, 6212, 8834, 11787, 7243, 301262, 87
0, 9835, 29158, 18805, 4842, 9226, 4556, 2767, 405853, 83
0, 90048, 71955, 21301, 34387, 5055, 11911, 4013, 319018, 78
0, 9715, 22279, 6963, 6828, 3813, 3186, 7812, 305186, 74
0, 75357, 8350, 3934, 821, 1747, 1986, 645, 89895, 66
0, 1547984, 180805, 30234, 14997, 22175, 12500, 3478, 303687, 63
0, 66323, 12109, 12644, 6901, 12823, 7296, 6222, 331521, 70
0, 19039, 18027, 3768, 3803, 5658, 9346, 2988, 331835, 83
0, 24449, 24961, 8269, 4918, 11178, 3641, 4095, 326722, 80
0, 21408, 27545, 22566, 19435, 12125, 15689, 2959, 286819, 91
0, 61024, 39585, 5577, 7828, 7803, 9935, 6668, 291819, 74
0, 25637, 23849, 17685, 18266, 10755, 14919, 4806, 257816, 81
0, 71132, 9177, 3119, 6511, 2755, 2508, 5767, 63913, 75
0, 20576, 45799, 1682, 9834, 19262, 6650, 5476, 293736, 83
0, 233073, 21039, 4960, 10661, 11010, 3682, 2535, 77422, 77
0, 92165, 38250, 81723, 16438, 24321, 11228, 5357, 309888, 70
0, 20201, 88180, 39488, 27294, 8439, 7061, 5354, 330061, 53
0, 620159, 92763, 26001, 25665, 11901, 13588, 2402, 124549, 51
0, 112731, 228664, 7474, 7464, 12476, 2575, 560, 57309, 30
0, 647170, 168058, 153125, 16147, 32245, 18813, 2831, 317017, 29
0, 571092, 105142, 56708, 10883, 11057, 26013, 5153, 332542, 41
0, 929546, 361990, 160339, 56100, 35443, 11943, 5380, 349460, 44
0, 687175, 109953, 8624, 18161, 4439, 8107, 1064, 82633, 44
0, 221658, 55205, 19925, 7607, 4231, 7391, 795, 86581, 40
0, 1387709, 70312, 31757, 17251, 19481, 25949, 5180, 346712, 48
0, 133432, 25590, 7826, 16872, 5581, 5244, 802, 86684, 63
0, 169446, 84422, 10293, 6255, 8604, 8460, 1589, 80212, 66
0, 207979, 96964, 25309, 1812, 6049, 4235, 1516, 68737, 57
0, 175999, 21112, 4781, 1456, 597, 1772, 500, 26358, 48
0, 664121, 796492, 218385, 40272, 22261, 38985, 12400, 290654, 38
0, 1028215, 66395, 131956, 13351, 6577, 15613, 2750, 265975, 37
0, 844295, 41183, 16382, 16725, 2819, 1187, 661, 42666, 29
0, 1530357, 940991, 33637, 27606, 41929, 86425, 16822, 664901, 30
0, 1821699, 498999, 5469, 33962, 7864, 14665, 11374, 596947, 34
0, 580513, 39618, 26666, 14174, 5639, 3377, 3400, 120227, 43
0, 410379, 313053, 117136, 37619, 11537, 14168, 9448, 509563, 34
0, 486024, 68723, 15895, 52726, 60985, 12379, 4198, 472412, 29
0, 69929, 9543, 2254, 3050, 2098, 953, 936, 27535, 35
0, 199633, 188839, 28605, 38442, 16167, 10704, 10326, 441543, 38
0, 562641, 93541, 5684, 5966, 10611, 2525, 2195, 123672, 26
0, 1894039, 189095, 181279, 23933, 24491, 17658, 6468, 423891, 29
0, 817104, 221662, 51360, 6842, 26578, 10147, 10150, 473725, 24
0, 388785, 358303, 53754, 31100, 11010, 9438, 12768, 578456, 17
0, 2165270, 103240, 71212, 59719, 28829, 16135, 7780, 215674, 27
0, 286416, 57175, 5095, 5339, 6430, 1300, 937, 9508, 21
0, 1192647, 95886, 26434, 4323, 27272, 9762, 3174, 63673, 37
0, 1274376, 332780, 249629, 117802, 158477, 30095, 27574, 119919, 34
0, 461007, 15540, 7543, 4400, 7410, 8800, 443, 9518, 57
0, 1485803, 461468, 116175, 43472, 40888, 13311, 22493, 314309, 48
0, 107372, 27808, 9840, 11199, 8187, 5493, 9612, 352648, 53
0, 271463, 45080, 8021, 15958, 4657, 3472, 3864, 91478, 53
0, 109150, 35213, 2507, 1718, 1851, 2638, 1838, 80875, 40
0, 15831, 9535, 5722, 25940, 10037, 7773, 9151, 390361, 60
0, 1379038, 336438, 352468, 71208, 71500, 94932, 41227, 76627, 60
26, 1268354, 11616, 4561, 1963, 7051, 5689, 8862, 8376, 60
0, 1679967, 143789, 82871, 53821, 50604, 16229, 11876, 232445, 61
0, 2293330, 50344, 51323, 33798, 18442, 10273, 3881, 239829, 53
0, 952650, 223828, 101396, 47758, 22847, 20687, 5955, 265411, 47
0, 1249032, 227415, 128656, 45740, 12146, 32373, 4738, 369996, 50
0, 803173, 54833, 6227, 284, 6028, 3693, 594, 79589, 48
0, 919400, 127025, 58605, 10340, 9909, 16363, 8784, 94814, 53
0, 382416, 125490, 55905, 18689, 8500, 12331, 3054, 99909, 51
0, 1478705, 183400, 6903, 14380, 33699, 14164, 3972, 308130, 51
0, 591908, 58420, 8518, 23448, 25295, 12699, 10519, 172399, 61
0, 63612, 50446, 30325, 6908, 7403, 9077, 2347, 206734, 83
0, 40904, 16535, 11624, 15318, 25623, 7179, 2717, 227583, 83
0, 20315, 22520, 2452, 3682, 11694, 7209, 5720, 223123, 90
0, 7665, 10910, 13706, 5096, 10787, 13615, 9068, 205048, 90
0, 392774, 129643, 11844, 17491, 35768, 25483, 9400, 193183, 93
0, 458481, 74212, 6471, 30416, 5127, 10200, 6285, 114083, 88
0, 68593, 30596, 6307, 5732, 13215, 10586, 5029, 131242, 87
0, 121348, 39395, 17758, 16576, 14896, 12257, 4892, 123024, 77
0, 30109, 32274, 18260, 18946, 7840, 6608, 4457, 148085, 70
0, 1491304, 379673, 122774, 14279, 22116, 21364, 20234, 108174, 64
0, 173518, 246378, 5777, 26502, 8410, 10132, 7635, 138485, 47
0, 645186, 222218, 28378, 17581, 14565, 8791, 3131, 64334, 34
0, 391055, 21427, 5823, 3287, 1933, 953, 351, 5755, 23
0, 186932, 42499, 6683, 24775, 10629, 12015, 2966, 373620, 35
0, 184108, 14847, 17906, 2273, 30556, 7200, 6082, 229528, 51
0, 17088, 7187, 969, 523, 1137, 538, 284, 15457, 69
0, 1374633, 443608, 190844, 115808, 68822, 85351, 6367, 1006073, 67
0, 1839297, 333048, 444721, 149572, 98909, 28642, 25500, 474856, 50
0, 644811, 126382, 2394, 5430, 2678, 2937, 3399, 124320, 35
0, 416549, 71857, 48421, 17530, 6941, 6944, 20691, 513648, 30
0, 111772, 12670, 3011, 6040, 4113, 2438, 3548, 113383, 30
0, 181007, 25331, 28198, 3679, 25571, 11335, 9398, 410896, 50
0, 293258, 34721, 29170, 5409, 11341, 6800, 5864, 442100, 63
0, 56889, 35444, 6472, 11962, 1550, 3599, 4219, 100764, 66
0, 301575, 54078, 10352, 27846, 4654, 1758, 311, 72589, 43
0, 791848, 39824, 3966, 18767, 4977, 1615, 733, 72783, 30
0, 400716, 27615, 9712, 1732, 9406, 1831, 334, 65690, 27
0, 1670578, 105236, 37004, 6584, 28575, 5130, 1198, 211221, 17
0, 1104338, 57497, 35907, 18624, 9231, 4071, 1279, 225624, 24
0, 84524, 21006, 4102, 7870, 2506, 1547, 810, 58397, 29
0, 668204, 20617, 4112, 5293, 3279, 1232, 263, 52255, 27
0, 571214, 48279, 30878, 26487, 8859, 6309, 1648, 210105, 27
0, 148076, 39680, 7244, 2326, 876, 703, 500, 48181, 17
0, 2106075, 1144105, 137280, 92342, 39424, 26074, 10314, 839131, 11
0, 398829, 33335, 5905, 16726, 2201, 3220, 924, 50311, 20
0, 592375, 99875, 25148, 9520, 13410, 3184, 869, 212841, 10
0, 878382, 238128, 14982, 10845, 3644, 6736, 1167, 195891, 16
0, 36406, 16992, 33804, 18417, 32632, 8260, 6502, 132055, 34
0, 4165, 5809, 4144, 20867, 23402, 15547, 4577, 148533, 51
0, 16728, 22021, 13510, 11063, 12493, 10221, 6798, 111873, 70
0, 7394, 5619, 1425, 2818, 3347, 2445, 1661, 34812, 93
0, 262001, 97918, 16693, 2070, 6942, 10608, 1871, 89832, 90
0, 48322, 4947, 26351, 18033, 9148, 10456, 9445, 95142, 83
0, 137355, 21667, 9371, 3838, 11258, 7627, 5111, 107625, 83
0, 18935, 71750, 14290, 2744, 6465, 6801, 3417, 107508, 74
0, 4937, 32151, 9070, 6018, 21654, 5937, 3356, 97671, 75
0, 30587, 20651, 13517, 18665, 12054, 12429, 9603, 115413, 77
0, 37332, 7851, 26524, 15890, 2810, 5933, 7661, 132570, 70
0, 18230, 21393, 5171, 22307, 2687, 8390, 5481, 123017, 80
0, 9829, 7797, 4662, 20066, 25593, 9793, 2510, 92879, 87
0, 26594, 21709, 15906, 4671, 15948, 6204, 2135, 124886, 83
0, 43179, 59262, 36717, 10270, 7651, 9484, 9581, 119552, 81
0, 18477, 14539, 6845, 7595, 3638, 1192, 1348, 25543, 66
0, 23895, 31651, 10462, 10904, 10445, 4774, 2919, 90982, 56
0, 80209, 15421, 52983, 35825, 9220, 8561, 4903, 117130, 51
0, 86845, 14068, 4154, 7343, 2083, 816, 621, 27108, 41
0, 19382, 44452, 5921, 20510, 24600, 6793, 3030, 155668, 50
0, 18045, 7815, 57701, 33379, 13378, 14699, 3655, 138383, 53
0, 6477, 19196, 4707, 20343, 18811, 5097, 5474, 115274, 56
0, 6848, 20882, 7167, 7465, 6848, 14308, 4596, 84399, 78
0, 13637, 16058, 10869, 17817, 6072, 11901, 2857, 100565, 88
0, 40354, 5463, 14453, 3437, 12935, 8720, 3686, 111184, 96
0, 84712, 30163, 5492, 6603, 14385, 9612, 5461, 154648, 100
0, 26167, 8507, 47625, 10503, 6914, 6652, 2745, 105429, 90
0, 31500, 57645, 1833, 10340, 7035, 7292, 5103, 111233, 81
0, 11980, 24009, 11811, 8513, 4509, 7353, 4208, 95130, 74
0, 114765, 23542, 9682, 18743, 15853, 6097, 2860, 119254, 67
0, 44498, 40882, 7406, 22549, 5632, 6197, 2935, 125243, 67
0, 78557, 27582, 3713, 24979, 8998, 8516, 4681, 99832, 70
0, 36055, 20698, 20873, 4512, 4892, 1567, 1798, 24614, 56
0, 79815, 20250, 6522, 4033, 14985, 4549, 10197, 100787, 57
0, 16342, 17434, 10372, 14247, 3703, 12563, 4324, 132327, 69
0, 8595, 46096, 4663, 7214, 10854, 5780, 4636, 109916, 64
0, 108220, 45516, 20184, 9972, 14862, 8895, 3365, 107272, 75
0, 29376, 40281, 5021, 3245, 4418, 9865, 3698, 140141, 80
0, 29240, 76174, 6429, 6515, 4095, 9066, 6648, 129440, 69
0, 32777, 51234, 17644, 9874, 8392, 9312, 5760, 124687, 74
0, 19416, 33552, 3266, 9421, 9078, 10229, 5616, 132670, 78
0, 83568, 32316, 18382, 17060, 6051, 15109, 2786, 107960, 78
0, 25032, 11805, 17082, 6300, 12565, 4569, 3864, 132093, 80
0, 4790, 7110, 7641, 6866, 904, 8042, 5972, 104154, 90
0, 880723, 22084, 4478, 10752, 9185, 2147, 1597, 107937, 78
0, 971487, 131633, 19139, 36303, 20327, 10077, 4348, 261984, 43
0, 988944, 43697, 2390, 2102, 1639, 4517, 542, 71697, 30
0, 739595, 484023, 153337, 49403, 69959, 35310, 18276, 345444, 29
0, 212503, 77782, 97946, 15157, 18716, 23133, 12627, 93308, 51
0, 518344, 188825, 153441, 13937, 40928, 34660, 2899, 355401, 57
0, 456925, 154766, 124420, 84764, 19490, 47204, 7308, 324464, 60
0, 649696, 45426, 8277, 8061, 3740, 5104, 588, 79894, 63
0, 766421, 184835, 2951, 114388, 23542, 20264, 3207, 344373, 57
0, 1893957, 365885, 488874, 68070, 134078, 134763, 9274, 1290962, 60
0, 251218, 23176, 424, 14449, 5323, 3695, 881, 84422, 57
0, 585387, 60339, 2249, 11302, 6660, 2290, 818, 72721, 56
0, 11406, 14124, 4036, 1898, 1459, 1260, 282, 19371, 48
0, 163606, 112396, 78776, 36971, 6896, 28586, 3275, 331627, 50
0, 153826, 24373, 7246, 5029, 11400, 2171, 271, 80648, 44
0, 342624, 393780, 83722, 21310, 38476, 19183, 5797, 332267, 44
0, 693995, 28498, 68252, 14458, 20859, 37228, 7967, 316108, 54
0, 1044588, 749978, 47077, 205923, 89345, 59376, 8363, 1336168, 54
0, 1650233, 142005, 75696, 49360, 13013, 18439, 1450, 342998, 56
0, 658241, 69860, 64793, 21350, 8737, 18994, 2677, 324643, 66
0, 92990, 22705, 9687, 2785, 5137, 3254, 702, 82047, 54
0, 599088, 118396, 11751, 21282, 19014, 13865, 4735, 275671, 57
0, 125954, 108523, 8224, 2649, 4350, 6910, 1182, 71014, 56
0, 1095967, 60548, 11101, 22701, 25148, 7275, 3946, 216465, 51
0, 814525, 143427, 12635, 27455, 14015, 4027, 5133, 191046, 38
0, 165916, 48100, 1262, 3486, 3182, 1210, 758, 44564, 29
0, 273084, 262973, 10762, 20367, 12015, 10295, 4941, 149911, 24
0, 198939, 30923, 7219, 964, 8772, 2614, 2290, 112815, 23
0, 694046, 57525, 6893, 13439, 10121, 22434, 11430, 371994, 47
0, 33746, 26754, 29375, 14127, 3264, 14089, 9922, 339810, 64
0, 117322, 17765, 8744, 8136, 7165, 6169, 8601, 339877, 78
0, 101525, 13721, 3895, 2675, 4452, 1905, 1011, 81032, 81
0, 12385, 26900, 4693, 7396, 3867, 7342, 2988, 448601, 78
0, 38073, 11484, 2057, 6410, 1029, 1590, 1580, 89883, 70
0, 54836, 19263, 1030, 3850, 741, 3309, 767, 82468, 67
0, 1159847, 120203, 29875, 53929, 18016, 14925, 6266, 318673, 66
0, 137501, 25943, 7342, 2601, 5047, 2219, 1177, 80442, 56
0, 72677, 34168, 35400, 14506, 15307, 12236, 4785, 286998, 60
0, 10549, 8513, 4114, 12623, 5059, 6482, 6230, 295458, 66
0, 27424, 15183, 5848, 8873, 6553, 5460, 1006, 70547, 74
0, 6689, 26068, 15462, 3387, 12238, 7879, 3716, 224562, 83
0, 28180, 20840, 25984, 12335, 10751, 11317, 5648, 230613, 87
0, 98743, 40981, 2514, 4894, 4322, 806, 1542, 64999, 63
0, 15067, 33887, 4383, 14781, 9213, 5507, 13804, 237289, 57
0, 12449, 14162, 21075, 3292, 2772, 5980, 6075, 244174, 56
0, 437229, 21140, 18196, 8790, 9832, 19447, 7391, 219578, 63
0, 11334, 15595, 5629, 15855, 8413, 13247, 7352, 252750, 90
0, 23428, 15417, 14320, 5522, 4665, 8679, 3556, 191490, 100
0, 395246, 33450, 3329, 27349, 16994, 5297, 5204, 177016, 90
0, 20364, 31863, 29910, 6643, 11337, 5799, 6789, 218944, 77
0, 1227688, 220988, 46895, 37177, 9542, 7149, 4885, 122672, 54
0, 1876556, 229625, 100159, 53704, 18802, 8286, 3521, 261860, 44
0, 734905, 150994, 75750, 27545, 26496, 10494, 3501, 269636, 38
0, 413237, 54116, 36191, 23296, 14065, 8536, 7595, 81635, 24
0, 1263690, 155010, 194955, 44818, 16584, 26779, 9950, 273655, 37
0, 201318, 68471, 7250, 4635, 4457, 4881, 1802, 72344, 44
0, 974500, 774096, 360163, 74030, 75686, 22922, 13480, 1157136, 38
0, 1536472, 207145, 16947, 51617, 42980, 12753, 4929, 296828, 34
0, 556251, 63446, 19161, 16065, 6357, 4263, 1153, 61341, 27
0, 1302389, 936164, 103492, 70402, 157378, 18033, 8652, 1039065, 38
0, 1402844, 241509, 18359, 30996, 19505, 9543, 2858, 273541, 37
0, 429324, 78229, 64625, 16387, 20524, 21330, 3410, 304937, 47
0, 1022531, 662631, 129457, 245715, 154507, 43146, 14064, 1140877, 29
0, 1430789, 86218, 65693, 32653, 30254, 16111, 4212, 243567, 47
0, 1008280, 198967, 53525, 18415, 37424, 9316, 5657, 281728, 47
0, 2690760, 179894, 8567, 24742, 22134, 5561, 2743, 285674, 29
0, 1157613, 387109, 94478, 201616, 37713, 46003, 32718, 1079738, 35
0, 1042747, 401241, 24364, 2721, 10164, 21295, 2092, 271311, 29
0, 1702831, 195343, 19902, 41366, 35090, 36638, 14299, 1010328, 41
0, 55361, 1726, 872, 1705, 3451, 882, 423, 14277, 61
0, 2469990, 378354, 71053, 142540, 91838, 37047, 17144, 1024718, 60
0, 1478455, 46701, 60366, 18555, 16177, 15622, 2019, 246777, 75
0, 549751, 69706, 38903, 12424, 28762, 20212, 5574, 240694, 74
0, 260714, 32431, 7165, 13940, 11417, 2846, 738, 64307, 70
0, 1041662, 11020, 14753, 4001, 9951, 2017, 1008, 53229, 60
0, 1098691, 80644, 20747, 17779, 18785, 14352, 2726, 239432, 60
0, 170778, 23715, 5170, 6830, 4861, 3181, 689, 61252, 53
0, 2659923, 528664, 426630, 41748, 32864, 47982, 8413, 914481, 51
0, 955677, 281429, 19020, 29446, 19821, 7900, 3197, 239905, 43
0, 50976, 51600, 11972, 3752, 7508, 3410, 884, 63107, 35
0, 118805, 29939, 9558, 4822, 3063, 4389, 955, 59714, 37
0, 203141, 66313, 8646, 6863, 4774, 917, 1298, 56796, 24
0, 105241, 46374, 4047, 12336, 6422, 3124, 1152, 56420, 29
0, 822125, 162715, 33369, 37439, 10842, 4315, 5207, 212319, 21
0, 189428, 197776, 61481, 46172, 2728, 36972, 7177, 240160, 23
0, 2528382, 71601, 47647, 106775, 26014, 7854, 2987, 263826, 34
0, 267126, 231385, 10083, 17146, 18650, 7318, 1001, 229642, 29
0, 2220989, 87261, 20725, 30204, 8714, 9657, 2032, 245123, 41
0, 348257, 34478, 13680, 3371, 4788, 3480, 815, 45182, 37
0, 154182, 60930, 16208, 9650, 11793, 913, 611, 46344, 24
0, 95162, 1931, 898, 5922, 1871, 496, 690, 13612, 30
0, 582328, 19971, 13064, 18203, 11235, 2268, 1092, 54879, 26
0, 272235, 16919, 6981, 11229, 6947, 3033, 544, 65127, 27
0, 873270, 526283, 73828, 35066, 21756, 23059, 10266, 182737, 40
0, 293981, 40718, 10204, 34088, 8927, 6191, 6153, 43575, 41
0, 977841, 161738, 44890, 34737, 19721, 8035, 3775, 237050, 40
0, 852331, 326291, 101065, 16337, 27278, 9142, 5159, 234963, 24
0, 715182, 481368, 187877, 45823, 44821, 88554, 36043, 861318, 29
0, 377826, 25268, 7985, 2911, 2203, 3426, 712, 73435, 40
0, 3264122, 118457, 298497, 94180, 130406, 42468, 40416, 180339, 48
0, 375349, 762259, 101722, 122809, 26864, 10195, 3043, 272001, 40
0, 1485933, 833790, 127854, 142366, 79254, 41993, 41758, 830725, 29
0, 948499, 650673, 91667, 20626, 17471, 12465, 3047, 200285, 14
0, 1208422, 375278, 44712, 91321, 33305, 6331, 4427, 200604, 1
0, 585434, 272523, 59280, 44843, 13172, 5194, 2490, 223897, 1
0, 1284797, 12912, 9273, 2631, 6506, 1954, 556, 51252, 8
0, 1148820, 19175, 21524, 3028, 8984, 5116, 337, 57714, 24
0, 1512720, 215134, 22344, 32919, 4583, 29755, 2633, 209856, 44
0, 1982619, 176025, 45840, 37324, 36252, 18757, 2457, 239918, 60
0, 30634, 863, 1409, 2126, 1830, 931, 92, 14987, 67
25, 2529405, 13228, 5275, 10117, 6347, 7658, 2158, 10063, 67
0, 395108, 159907, 44635, 23194, 14598, 15958, 3849, 232487, 63
0, 172966, 25088, 18155, 2815, 6988, 4139, 4820, 60675, 63
0, 1491323, 363084, 68361, 34764, 29920, 6155, 3483, 192590, 48
0, 1106823, 764345, 97991, 181313, 73015, 142594, 4025, 771888, 43
0, 3155370, 43416, 20613, 10369, 4857, 2805, 716, 11042, 37
0, 53713, 4366, 2597, 753, 1030, 807, 95, 9169, 37
0, 2081109, 309181, 20590, 19345, 17566, 17623, 3093, 228411, 40
0, 994599, 83505, 17223, 27537, 22174, 22426, 4305, 168971, 53
0, 1038692, 21620, 17229, 7193, 3990, 3014, 641, 57634, 50
0, 1753402, 303638, 40004, 140780, 79012, 37037, 11265, 900641, 54
0, 526082, 142711, 62221, 39175, 10993, 9478, 1442, 210242, 51
25, 656151, 13899, 3146, 7325, 7463, 8786, 705, 58948, 51
0, 319512, 54686, 12472, 25524, 26701, 31306, 2924, 210942, 60
0, 757379, 57155, 14358, 11176, 6980, 5507, 1534, 50882, 53
0, 37317, 12435, 7931, 2104, 2930, 1206, 659, 12187, 56
0, 985769, 33006, 7424, 9697, 10953, 3169, 1285, 54044, 44
0, 308425, 38871, 9233, 4603, 9168, 3445, 1370, 56698, 47
0, 1005837, 12821, 2913, 7701, 2499, 4794, 1098, 56953, 57
0, 691790, 300226, 68827, 43433, 9031, 25040, 5942, 250502, 57
0, 494306, 114468, 35616, 33917, 14184, 13047, 3043, 260791, 57
0, 1262815, 27793, 12477, 16136, 22328, 12806, 2789, 231838, 67
0, 64510, 17425, 1275, 3459, 1453, 402, 241, 15055, 47
0, 952416, 152978, 33820, 11277, 19921, 13100, 5639, 268916, 40
0, 338710, 22406, 7249, 4468, 3783, 3118, 626, 60910, 30
0, 90954, 50839, 15215, 12958, 6255, 5261, 423, 62866, 54
0, 529721, 506637, 49522, 19414, 26226, 40783, 4448, 291279, 56
0, 1538575, 160166, 9343, 37805, 49126, 9279, 4019, 215307, 50
0, 278743, 725237, 58209, 32267, 17700, 14609, 2692, 315647, 35
0, 94528, 23333, 23715, 5927, 2414, 7378, 921, 77817, 41
0, 267947, 12615, 26641, 5069, 6188, 2762, 1940, 74095, 40
0, 962379, 59967, 4120, 42517, 27805, 16883, 3415, 259447, 51
0, 2417463, 178749, 63991, 108904, 84330, 27134, 10799, 661408, 57
0, 602087, 111691, 93558, 13455, 17938, 4923, 8668, 612310, 48
0, 1219660, 46202, 24477, 19291, 25640, 8849, 10818, 579810, 44
0, 1751065, 1289169, 25306, 77692, 75720, 52825, 10216, 770824, 38
0, 541261, 26406, 7039, 10028, 4255, 2772, 1074, 61333, 37
0, 2005986, 1143129, 111013, 60081, 120364, 87550, 24395, 1414168, 47
0, 499843, 19766, 11131, 3506, 3070, 5334, 786, 83283, 48
0, 1989399, 356052, 121712, 134904, 51789, 54092, 10728, 1241942, 56
0, 940247, 95971, 58702, 26696, 12299, 9926, 4111, 263231, 54
0, 1003966, 112031, 48708, 13552, 5833, 27662, 5304, 301316, 63
0, 493383, 55185, 12343, 5913, 6100, 6514, 1461, 76689, 57
0, 396387, 8793, 18901, 3634, 2268, 5679, 2188, 77063, 64
0, 147192, 42292, 17695, 7854, 5930, 3240, 1106, 73038, 63
0, 782009, 148041, 23236, 69194, 20808, 16005, 8525, 331487, 54
0, 576690, 55025, 13987, 7627, 12287, 3151, 1112, 79681, 48
0, 817385, 129945, 52165, 17087, 16536, 14927, 3776, 268939, 40
0, 270398, 4207, 3375, 5209, 2242, 378, 383, 14391, 37
0, 747490, 22569, 15734, 21564, 4495, 1673, 1021, 79274, 34
0, 1353205, 78840, 82337, 11668, 47817, 11356, 3340, 302801, 34
0, 541351, 26511, 9460, 4974, 5022, 4088, 666, 82834, 44
0, 564097, 243106, 7280, 28749, 24571, 18022, 2062, 305313, 44
0, 715746, 92217, 251502, 47791, 14794, 16227, 3437, 319289, 48
0, 561739, 72596, 91327, 41187, 8188, 19024, 1130, 319893, 51
0, 3375554, 1930246, 102671, 83027, 36792, 54533, 22065, 1191590, 38
0, 243205, 65760, 9982, 7478, 8879, 4051, 849, 68066, 35
0, 744629, 52579, 16139, 4684, 5846, 4286, 954, 68098, 38
0, 1801090, 148173, 31084, 20476, 17283, 8431, 4306, 245763, 30
0, 1580594, 110354, 53180, 23657, 10740, 17742, 1633, 266591, 43
0, 657209, 39423, 3689, 1901, 3685, 4461, 1327, 66976, 51
0, 1048933, 128416, 27645, 30385, 11367, 7590, 3310, 265079, 47
0, 94587, 47847, 7817, 6420, 4764, 4096, 634, 62023, 51
0, 2075617, 48036, 24544, 113092, 8212, 7964, 3100, 274542, 43
0, 716125, 280635, 214513, 16795, 17801, 13199, 2162, 284687, 29
0, 1013893, 93646, 84789, 81495, 13344, 25599, 2717, 284698, 38
0, 99686, 14046, 5861, 17232, 2929, 1672, 521, 68546, 35
0, 587947, 130913, 50267, 9392, 21780, 6344, 2392, 245003, 37
0, 1303669, 160592, 22381, 51012, 19454, 16387, 3151, 273071, 35
0, 1095331, 129247, 12340, 20275, 19815, 26298, 3607, 254553, 48
0, 186747, 117174, 29663, 13723, 20075, 17159, 3330, 261530, 57
0, 1212467, 92316, 41220, 25706, 25094, 12260, 1566, 269248, 66
0, 913645, 34345, 8056, 3976, 3939, 2475, 703, 66066, 63
0, 1298723, 36858, 6522, 18512, 4304, 2350, 941, 65476, 50
0, 662022, 136002, 33596, 35542, 19804, 9653, 2883, 202138, 40
26, 432571, 16006, 2097, 4085, 2382, 552, 329, 10050, 40
0, 697246, 118987, 34552, 71161, 21229, 40770, 10945, 297874, 50
0, 1787128, 119640, 27303, 105702, 21190, 38493, 4874, 302167, 63
0, 521534, 297367, 60233, 14395, 17005, 11086, 3615, 202295, 56
0, 1183846, 191323, 33241, 31902, 13362, 24176, 4899, 232246, 61
0, 797490, 199373, 63470, 27080, 21768, 18602, 6574, 234945, 53
0, 361574, 40658, 9264, 11394, 6333, 5442, 1359, 58422, 48
0, 1373255, 32833, 7760, 23061, 6223, 2294, 1082, 62668, 50
0, 811085, 45856, 9854, 53387, 35061, 10561, 3916, 212466, 50
0, 583634, 215642, 63870, 15949, 9211, 18362, 3285, 232771, 50
0, 1247382, 53670, 44037, 70181, 19659, 13955, 1590, 278239, 60
0, 1267902, 90852, 15460, 55316, 22194, 7118, 1818, 235820, 53
0, 812477, 205420, 64796, 9234, 24545, 19285, 2452, 232261, 53
0, 1423943, 55395, 7064, 37534, 6044, 7716, 2011, 221212, 50
0, 794846, 904551, 47230, 149416, 47185, 157340, 16282, 973202, 53
0, 970571, 199667, 2599, 83584, 15823, 9670, 2690, 256080, 50
0, 660420, 23603, 19306, 7160, 3962, 2015, 800, 64585, 44
0, 1002553, 56491, 6541, 5759, 7073, 3674, 544, 63899, 41
0, 1024331, 55508, 92993, 19566, 24723, 11704, 2870, 253598, 35
0, 51622, 3384, 2864, 1049, 1264, 463, 312, 13612, 41
0, 2633277, 513394, 278713, 62753, 79203, 54666, 15687, 986230, 44
0, 306712, 36974, 24371, 8273, 5204, 2404, 931, 72854, 41
0, 966003, 144498, 42379, 79177, 16841, 12257, 4192, 294200, 37
0, 909058, 80795, 185340, 20298, 14684, 24469, 3401, 334981, 38
0, 785852, 218412, 32868, 30456, 6168, 16116, 2845, 328784, 61
26, 1133648, 47543, 19355, 9813, 5204, 8039, 2668, 52836, 61
0, 1056493, 24156, 2277, 16329, 3436, 8265, 834, 82137, 78
0, 114501, 7400, 1055, 11696, 8655, 1835, 675, 63811, 80
51, 934285, 53733, 20563, 11270, 13326, 7108, 3830, 18227, 80
51, 152945, 4281, 8182, 4768, 5795, 8243, 6710, 3517, 80
51, 642018, 299584, 83471, 270245, 34275, 120621, 97948, 413616, 80
51, 67150, 65191, 14847, 23602, 8952, 51846, 28697, 72776, 80
51, 418291, 214664, 48943, 43708, 72446, 26206, 13116, 39835, 80
51, 136000, 93741, 35189, 28736, 10658, 26399, 24489, 97078, 80
26, 384144, 1161390, 120301, 220284, 98133, 200849, 209710, 477877, 80
26, 467926, 700635, 52386, 275737, 104392, 81937, 76910, 538091, 80
26, 1403202, 680672, 141059, 298344, 81810, 182085, 55545, 1050150, 80
51, 2426129, 1522252, 782853, 510956, 414282, 367132, 432926, 570850, 80
51, 1351738, 348764, 70393, 157255, 275051, 169046, 74509, 104849, 80
51, 774790, 388698, 44063, 484997, 78311, 297580, 117071, 314769, 80
51, 219997, 372347, 51277, 460811, 122533, 288946, 63923, 279127, 80
51, 816106, 284230, 45419, 400171, 255848, 279556, 330563, 844554, 80
51, 1259004, 988922, 117190, 320080, 311092, 336171, 119084, 321306, 0
51, 1684310, 711468, 39827, 199116, 107799, 215810, 199814, 836936, 0
51, 298344, 1097852, 301615, 454804, 77685, 319724, 88506, 849214, 0
51, 162047, 1081810, 18414, 336609, 72631, 243938, 118148, 1328653, 0
51, 977974, 981628, 170573, 219360, 107592, 265869, 140726, 793034, 0
51, 554819, 1556025, 60787, 173038, 48404, 251139, 126721, 1056077, 0
51, 1298854, 668345, 101059, 359985, 61113, 153661, 61325, 1225379, 0
51, 1118155, 509592, 15280, 748230, 150529, 180809, 85674, 945068, 0
51, 500088, 417550, 51178, 625819, 72531, 190943, 102803, 982651, 0
51, 1201761, 1673705, 175766, 212175, 192794, 355686, 155610, 390286, 0
51, 443958, 1590931, 28261, 423977, 225096, 165125, 93875, 805025, 0
51, 613675, 1772614, 39124, 336339, 91376, 134741, 87487, 859442, 0
51, 325716, 1245403, 19845, 512267, 163195, 254951, 403029, 794750, 0
51, 201916, 1474001, 74199, 158113, 198085, 350366, 103957, 1146328, 0
51, 1204784, 1116881, 159661, 466229, 332125, 210387, 202365, 708355, 0
51, 625083, 2108006, 19321, 166796, 156782, 214448, 303574, 916333, 0
51, 857947, 680167, 80324, 485891, 56379, 159356, 253940, 753878, 0
51, 1024299, 676827, 132546, 412912, 70272, 350555, 69422, 912956, 0
51, 867603, 743432, 294150, 324894, 91737, 150754, 125644, 710951, 0
51, 280397, 1617990, 166729, 364695, 80719, 179239, 126991, 826755, 0
51, 476635, 439971, 56954, 784706, 328365, 331864, 135360, 1085932, 0
51, 604690, 579323, 106394, 420308, 172761, 234416, 147464, 906381, 0
51, 1128815, 347059, 91892, 407260, 122568, 359159, 271830, 870381, 0
51, 662773, 1111055, 170614, 547142, 17125, 398524, 133608, 1050261, 0
51, 302139, 1508200, 206097, 438313, 62301, 206427, 296644, 785445, 0
51, 321208, 671807, 112873, 334153, 70309, 256140, 130534, 702883, 0
51, 745986, 926641, 240990, 360425, 148698, 95801, 184144, 1021043, 0
51, 615290, 761302, 115670, 408051, 171955, 258061, 186311, 703257, 0
51, 586282, 604354, 154235, 158541, 101268, 120378, 102223, 1181598, 0
51, 487532, 1024166, 78703, 291509, 70325, 145302, 189244, 774915, 0
51, 432965, 577152, 45280, 350827, 71160, 280042, 110543, 593649, 0
51, 415972, 1285308, 66723, 294171, 178422, 189494, 129827, 1027671, 0
51, 874259, 1286150, 187690, 121343, 98652, 294154, 138232, 690578, 0
51, 1075859, 1835074, 71768, 99845, 40530, 153591, 146137, 546226, 0
51, 1972802, 585740, 319023, 270657, 97181, 200265, 72373, 821779, 0
51, 1496570, 387622, 201229, 108142, 80507, 341833, 88314, 589882, 0
51, 458092, 1011497, 104238, 156767, 87942, 150730, 117803, 828212, 0
51, 708537, 538809, 96740, 385193, 28849, 176773, 79022, 1394483, 0
51, 576574, 453015, 274022, 344138, 83206, 164788, 126717, 939479, 0
51, 500421, 655330, 453054, 376700, 102680, 125363, 104399, 1001763, 0
51, 482828, 1024839, 69509, 271696, 39924, 354936, 92833, 694213, 0
51, 478615, 624784, 92009, 289969, 231507, 159327, 106016, 614592, 0
51, 363763, 491830, 50186, 410516, 166204, 213593, 110207, 783395, 0
51, 650631, 1527351, 338803, 143947, 142865, 350158, 97030, 471171, 0
51, 1238958, 1024370, 148918, 166242, 146653, 332487, 24215, 1023675, 0
51, 1373432, 429690, 77911, 190780, 147161, 108317, 86214, 1483122, 0
51, 611666, 1589260, 36853, 270577, 71582, 131945, 68316, 1184555, 0
51, 575615, 1700250, 66086, 228235, 64901, 149798, 81884, 1546716, 0
51, 404772, 809219, 165304, 85844, 73929, 222715, 81672, 1502676, 0
51, 371595, 1172210, 133143, 182661, 76258, 228390, 127516, 745283, 0
51, 491073, 1238198, 82252, 179271, 101551, 252708, 159822, 1360265, 0
51, 699041, 884890, 135608, 185285, 40688, 214656, 190493, 971657, 0
51, 143816, 1833445, 205983, 140844, 95999, 370011, 84703, 1719999, 0
51, 450904, 559499, 96111, 307531, 28277, 168562, 118947, 579287, 0
51, 667076, 1718691, 38505, 196309, 34606, 126072, 74720, 1182710, 0
51, 539911, 579215, 39853, 620452, 170755, 143878, 156845, 1464610, 0
51, 1541502, 591441, 197093, 249186, 86911, 118907, 111923, 913365, 0
51, 987936, 987982, 86250, 275757, 101612, 247419, 93940, 611322, 0
51, 441301, 524813, 129952, 239263, 255138, 208660, 173580, 815089, 0
51, 550012, 1868233, 20554, 432401, 105787, 218108, 175710, 772754, 0
51, 213012, 115512, 55309, 35820, 67810, 73833, 55130, 163800, 0
51, 809886, 934013, 44936, 586105, 198266, 186026, 180618, 319638, 0
51, 1340946, 774415, 148498, 114701, 122462, 158106, 150231, 822158, 0
51, 997507, 511181, 183689, 165465, 67936, 116966, 74709, 1560173, 0
51, 242118, 294194, 9606, 15627, 15642, 32861, 43264, 435652, 0
51, 1323143, 768097, 56830, 267738, 106907, 182769, 78883, 908200, 0
51, 483817, 848553, 152964, 311125, 182616, 116852, 86171, 825996, 0
51, 1134513, 623810, 32082, 275471, 55485, 210212, 134983, 549235, 0
51, 841842, 924056, 25708, 448310, 69134, 406947, 81099, 910127, 0
